[
  {
    "name":"Angel Lewis",
    "image": "https://encrypted-tbn0.gstatic.com/images?q=tbn:ANd9GcQd70nvbPij_1Hdk4xh3Y_cyvtqM12YjJEsboCXQarmLAyuUci91w",
    "location":"Seattle, WA"
  },
  {
    "name":"Justin Dean",
    "image": "https://encrypted-tbn0.gstatic.com/images?q=tbn:ANd9GcR_pTt8rFYI1VYKNOWmnqQWks8WZKGihLqURnofHy4HJvRiCKQR",
    "location":"Muscatine, IA"
  },
  {
    "name":"Nora Blake",
    "image": "https://encrypted-tbn0.gstatic.com/images?q=tbn:ANd9GcSjZ9QLcv6bD1n-xYXOIbSwBf2wza430BSm-NREj2vrliTqSuCT",
    "location":"Seattle, WA"
  },
  {
    "name":"Russell Fox",
    "image": "https://encrypted-tbn0.gstatic.com/images?q=tbn:ANd9GcShM2cDnw_OWiKN_ZCKHs9N9Nns_p_jVm6sR4WE9UrijZlZHQBm",
    "location":"Albuquerque, NM"
  },
  {
    "name":"Daryl Bradley",
    "image": "https://encrypted-tbn0.gstatic.com/images?q=tbn:ANd9GcQniRtnvRl3oFJFCu7asBTULGIRogxxl33c3JMLSUJLPSrXgekMMA",
    "location":"Buckeystown, MD"
  },
  {
    "name":"Benjamin Gonzales",
    "image": "https://encrypted-tbn0.gstatic.com/images?q=tbn:ANd9GcSqvn8GkjVfpHVSONczJSlWKNNlVpWcJ3yveTWz4miy2-Ag-mJt",
    "location":"Atlanta, GA"
  },
  {
    "name":"Viola Francis",
    "image": "https://encrypted-tbn0.gstatic.com/images?q=tbn:ANd9GcSrvYreZ9EWGowSqcTTymJ1GAqNm5HKr-pyjGfr9KqjWCiselO44g",
    "location":"Atlanta, GA"
  },
  {
    "name":"Reginald Benson",
    "image": "https://encrypted-tbn0.gstatic.com/images?q=tbn:ANd9GcT8UblUpAmRrPOKR_csQNxbSeqDRObtJch9Dm_uxGpOnf6Yrt81Pw",
    "location":"Gilbert, AZ"
  },
  {
    "name":"Glenda Ray",
    "image": "https://encrypted-tbn0.gstatic.com/images?q=tbn:ANd9GcS_ECHI2mMpaOzwgdDnm-IgY4H0-z11xQpaviWkdGvkF63GFP4O",
    "location":"Baltimore, MD"
  },
  {
    "name":"Paula Vargas",
    "image": "https://encrypted-tbn0.gstatic.com/images?q=tbn:ANd9GcR2ll88QASEshihfQQxB8YBVbDWmngBfPAMehuk5Rr94Gkr7VuCCw",
    "location":"Baltimore, MD"
  },
  {
    "name":"Mark Armstrong",
    "image": "https://encrypted-tbn0.gstatic.com/images?q=tbn:ANd9GcTQef00cDzYkUWcAnPlc4sUkOFqhTqZa8tQKu_BFlC9Q1PtueniTQ",
    "location":"Hallandale Beach, FL"
  },
  {
    "name":"Jaime Campbell",
    "image": "https://encrypted-tbn0.gstatic.com/images?q=tbn:ANd9GcRSRVfmyZzVplZZO8avZJbNlfUfTQzriGLwCTkBkIkkMohD_oYWrQ",
    "location":"Baltimore, MD"
  },
  {
    "name":"Mike Beck",
    "image": "https://encrypted-tbn0.gstatic.com/images?q=tbn:ANd9GcQCQSJv1n0JAjpCeJL9iJCj38hFHvPswcqqD4AFoW-WaRiWr4lU2g",
    "location":"Garner, NC"
  },
  {
    "name":"Ann Lowe",
    "image": "https://encrypted-tbn0.gstatic.com/images?q=tbn:ANd9GcQhl3XTBgEtVH20NLh2PtXCaD7U9IZpwyNrDhEPWEV8-o4obTOb",
    "location":"Cabin John, MD"
  },
  {
    "name":"Ryan Wolfe",
    "image": "https://encrypted-tbn0.gstatic.com/images?q=tbn:ANd9GcQ61kj770BfRJo8KNr9Jy6n1w2mHAivcgdyzk87v7DY7tEF3CftYA",
    "location":"Los Angeles, CA"
  },
  {
    "name":"Dwayne Gutierrez",
    "image": "https://encrypted-tbn0.gstatic.com/images?q=tbn:ANd9GcRLxmYCsLNwhZXEl24DkDN9vtCHD5vbAfof5mksCieolA9oCPGi",
    "location":"San Jose, CA"
  },
  {
    "name":"Bill Burke",
    "image": "https://encrypted-tbn0.gstatic.com/images?q=tbn:ANd9GcRyAZIl_j36jq54zwn0iN4D0OU7uN1m5Fzc5xAXJs1Xf8CgbdNG",
    "location":"Bakersfield, CA"
  }
]
